{
    "total_runtime": 129.221599817276,
    "num_documents": 1,
    "input_load_time": 0,
    "workflows": {
        "create_base_text_units": {
            "overall": 2.490609884262085,
            "0_orderby": 0.002998828887939453,
            "1_zip": 0.004042863845825195,
            "2_aggregate_override": 0.006512165069580078,
            "3_chunk": 2.4454691410064697,
            "4_select": 0.0035021305084228516,
            "5_unroll": 0.004003763198852539,
            "6_rename": 0.0019996166229248047,
            "7_genid": 0.004000663757324219,
            "8_unzip": 0.004065275192260742,
            "9_copy": 0.0025072097778320312,
            "10_filter": 0.01050710678100586
        },
        "create_base_extracted_entities": {
            "overall": 74.2369077205658,
            "0_entity_extract": 74.22539520263672,
            "1_merge_graphs": 0.008000612258911133
        },
        "create_summarized_entities": {
            "overall": 11.967466115951538,
            "0_summarize_descriptions": 11.964468717575073
        },
        "create_base_entity_graph": {
            "overall": 0.03200125694274902,
            "0_cluster_graph": 0.023038864135742188,
            "1_select": 0.0049626827239990234
        },
        "create_final_entities": {
            "overall": 1.4442048072814941,
            "0_unpack_graph": 0.01000070571899414,
            "1_rename": 0.008000850677490234,
            "2_select": 0.0060002803802490234,
            "3_dedupe": 0.004999399185180664,
            "4_rename": 0.00500035285949707,
            "5_filter": 0.014000415802001953,
            "6_text_split": 0.0070002079010009766,
            "7_drop": 0.006000041961669922,
            "8_merge": 0.010999679565429688,
            "9_text_embed": 1.3432376384735107,
            "10_drop": 0.007998228073120117,
            "11_filter": 0.017004966735839844
        },
        "create_final_nodes": {
            "overall": 0.1376795768737793,
            "0_layout_graph": 0.019001483917236328,
            "1_unpack_graph": 0.01200103759765625,
            "2_unpack_graph": 0.010039567947387695,
            "3_filter": 0.016959667205810547,
            "4_drop": 0.007997512817382812,
            "5_select": 0.00699925422668457,
            "6_rename": 0.008056163787841797,
            "7_join": 0.013998746871948242,
            "8_convert": 0.02662372589111328,
            "9_rename": 0.009002447128295898
        },
        "create_final_communities": {
            "overall": 0.23390722274780273,
            "0_unpack_graph": 0.010999679565429688,
            "1_unpack_graph": 0.010953426361083984,
            "2_aggregate_override": 0.01100015640258789,
            "3_join": 0.013999462127685547,
            "4_join": 0.013000726699829102,
            "5_concat": 0.011999368667602539,
            "6_filter": 0.03799867630004883,
            "7_aggregate_override": 0.015040397644042969,
            "8_join": 0.017962217330932617,
            "9_filter": 0.029000520706176758,
            "10_fill": 0.011039018630981445,
            "11_merge": 0.015958070755004883,
            "12_copy": 0.016002178192138672,
            "13_select": 0.010996818542480469
        },
        "join_text_units_to_entity_ids": {
            "overall": 0.05900907516479492,
            "0_select": 0.01200246810913086,
            "1_unroll": 0.017998218536376953,
            "2_aggregate_override": 0.018001794815063477
        },
        "create_final_relationships": {
            "overall": 0.18276071548461914,
            "0_unpack_graph": 0.020999431610107422,
            "1_filter": 0.0299990177154541,
            "2_rename": 0.013997793197631836,
            "3_filter": 0.02800130844116211,
            "4_drop": 0.012998580932617188,
            "5_compute_edge_combined_degree": 0.016761302947998047,
            "6_convert": 0.029998779296875,
            "7_convert": 0.012999773025512695
        },
        "join_text_units_to_relationship_ids": {
            "overall": 0.07973527908325195,
            "0_select": 0.01399993896484375,
            "1_unroll": 0.01500391960144043,
            "2_aggregate_override": 0.015993356704711914,
            "3_select": 0.021739959716796875
        },
        "create_final_community_reports": {
            "overall": 36.034960985183716,
            "0_prepare_community_reports_nodes": 0.013997316360473633,
            "1_prepare_community_reports_edges": 0.021001577377319336,
            "2_restore_community_hierarchy": 0.016004323959350586,
            "3_prepare_community_reports": 0.03299665451049805,
            "4_create_community_reports": 35.92236828804016,
            "5_window": 0.014593839645385742
        },
        "create_final_text_units": {
            "overall": 0.1450026035308838,
            "0_select": 0.01851201057434082,
            "1_rename": 0.020027875900268555,
            "2_join": 0.022531509399414062,
            "3_join": 0.024016857147216797,
            "4_aggregate_override": 0.018544673919677734,
            "5_select": 0.025625944137573242
        },
        "create_base_documents": {
            "overall": 0.20084166526794434,
            "0_unroll": 0.02002120018005371,
            "1_select": 0.0180966854095459,
            "2_rename": 0.019022464752197266,
            "3_join": 0.021522998809814453,
            "4_aggregate_override": 0.019552946090698242,
            "5_join": 0.02306962013244629,
            "6_rename": 0.019056081771850586,
            "7_convert": 0.042807579040527344
        },
        "create_final_documents": {
            "overall": 0.03832077980041504,
            "0_rename": 0.019542217254638672
        }
    }
}